{
  "route": [
    {
      "id": "2",
      "first_name": "Celia ",
      "last_name": "Miller ",
      "age": "38",
      "occupation": "Historian and part-time tour guide",
      "blue_bedge": "No ",
      "tours": "Camden Town, Bloomsbury, Hyde Park ",
      "image": "guide-placeholder-image.png"
    },
    {
      "id": "3",
      "first_name": "Cynthia ",
      "last_name": "Payne",
      "age": "50",
      "occupation": "Archivist and part-time tour guide",
      "blue_bedge": "Yes ",
      "tours": "Notting Hill, Kensington and Chelsea, Regents Park, Fitzrovia ",
      "image": "guide-placeholder-image.png"
    },
    {
      "id": "6",
      "first_name": "David ",
      "last_name": "Spitz",
      "age": "29",
      "occupation": "Concierge and part-time tour guide",
      "blue_bedge": "No ",
      "tours": "Notting Hill, Hyde Park, Westminster, Soho, Covent Garden ",
      "image": "guide-placeholder-image.png"
    },
    {
      "id": "7",
      "first_name": "Dawid",
      "last_name": "Singh",
      "age": "44",
      "occupation": "Professional tour guide",
      "blue_bedge": "Yes ",
      "tours": "City of London, East End, Bloomsbury, Fitzrovia",
      "image": "guide-placeholder-image.png"
    },
    {
      "id": "15",
      "first_name": "Fleur",
      "last_name": "Dubois",
      "age": "56",
      "occupation": "Professional tour guide",
      "blue_bedge": "Yes ",
      "tours": "Westminster, Southbank, Hyde Park, Regents Park, Soho, Fitzrovia, Mayfair ",
      "image": "guide-placeholder-image.png"
    },
    {
      "id": "1",
      "first_name": "Harry ",
      "last_name": "Hobsbawm",
      "age": "42",
      "occupation": "Professional tour guide",
      "blue_bedge": "Yes ",
      "tours": "Camden Town, Hampstead Heath, City of London ",
      "image": "guide-placeholder-image.png"
    },
    {
      "id": "10",
      "first_name": "Helena",
      "last_name": "Fuller",
      "age": "29",
      "occupation": "Part-time tour guide",
      "blue_bedge": "No ",
      "tours": "Soho, Mayfair, Hyde Park, Regents Park",
      "image": "guide-placeholder-image.png"
    },
    {
      "id": "8",
      "first_name": "Karen ",
      "last_name": "Chang",
      "age": "32",
      "occupation": "Travel agent and part-time tour guide",
      "blue_bedge": "No ",
      "tours": "Camden Town, Bloomsbury, Hyde Park, Hamstead Heath",
      "image": "guide-placeholder-image.png"
    },
    {
      "id": "13",
      "first_name": "Nancy",
      "last_name": "Perry",
      "age": "25",
      "occupation": "Student and part-time tour guide",
      "blue_bedge": "No ",
      "tours": "Hoxton, City of London, Camden Town",
      "image": "guide-placeholder-image.png"
    },
    {
      "id": "9",
      "first_name": "Peter",
      "last_name": "Purkiss",
      "age": "35",
      "occupation": "Part-time tour guide",
      "blue_bedge": "No ",
      "tours": "Hoxton, Clerkenwell, City of London",
      "image": "guide-placeholder-image.png"
    },
    {
      "id": "12",
      "first_name": "Ranu",
      "last_name": "Mukerjee",
      "age": "39",
      "occupation": "Artis and part-time tour guide",
      "blue_bedge": "No ",
      "tours": "Hoxton, Clerkenwell",
      "image": "guide-placeholder-image.png"
    },
    {
      "id": "4",
      "first_name": "Ronald ",
      "last_name": "Cray",
      "age": "43",
      "occupation": "Journalist and part-time tour guide",
      "blue_bedge": "Yes ",
      "tours": "Soho, Covent Garden, Southbank, City of London, Wapping, Greenwich",
      "image": "guide-placeholder-image.png"
    },
    {
      "id": "5",
      "first_name": "Rose ",
      "last_name": "Black",
      "age": "29",
      "occupation": "Professional tour guide",
      "blue_bedge": "Yes ",
      "tours": "Southbank, Greenwich",
      "image": "guide-placeholder-image.png"
    },
    {
      "id": "14",
      "first_name": "Spiros",
      "last_name": "Drake",
      "age": "34",
      "occupation": "Professional tour guide",
      "blue_bedge": "Yes ",
      "tours": "Camden Town, Hamstead Heath, Regents Park, Fitzrovia",
      "image": "guide-placeholder-image.png"
    },
    {
      "id": "11",
      "first_name": "Stephan",
      "last_name": "Le Clerc",
      "age": "31",
      "occupation": "Professional tour guide",
      "blue_bedge": "Yes ",
      "tours": "Notting Hill Kensington and Chelsea,  Hyde Park, Belgravia",
      "image": "guide-placeholder-image.png"
    }
  ]
}