{
  "route": [
    {
      "id": "1",
      "name": "Camden Town",
      "start_lat": 51.5418,
      "start_lng": -0.139199,
      "end_lat": 51.5504,
      "end_lng": -0.14052,
      "day": "Sunday",
      "time": "9am",
      "highlights": "Camden Lock. Camden Market. Roundhouse. Camden High Street. Electric Ballroom.",
      "image": "route-placeholder-image.png"
    },
    {
      "id": "2",
      "name": "Regents Park",
      "start_lat": 51.5238,
      "start_lng": -0.154577,
      "end_lat": 51.5416,
      "end_lng": -0.16184,
      "day": "Sunday",
      "time": "10am",
      "highlights": "Rose Garden. Boating Lakes. Mosque. Devonshire Terrace. Open Air Theatre. Camden Lock. Regents Canal. ",
      "image": "route-placeholder-image.png"
    },
    {
      "id": "3",
      "name": "Soho",
      "start_lat": 51.5152,
      "start_lng": -0.132238,
      "end_lat": 51.5116,
      "end_lng": -0.13719,
      "day": "Saturday",
      "time": "9am",
      "highlights": "Old Compton Street. Soho Square. China Town. Golden Square. Theatre Land. Italian Soho. ",
      "image": "route-placeholder-image.png"
    },
    {
      "id": "4",
      "name": "Hampstead Heath",
      "start_lat": 51.5552,
      "start_lng": -0.151021,
      "end_lat": 51.5721,
      "end_lng": -0.16757,
      "day": "Sunday",
      "time": "9am",
      "highlights": "Jack Straws Castle. Kenwood. Parliament Hill. Hampstead Village. Highgate Village. ",
      "image": "route-placeholder-image.png"
    },
    {
      "id": "5",
      "name": "Greenwich",
      "start_lat": 51.4834,
      "start_lng": -0.009504,
      "end_lat": 51.4675,
      "end_lng": 0.009048,
      "day": "Sunday",
      "time": "9am",
      "highlights": "Cutty Sark. Greenwich Time Museum. The Meridian. Blackheath. Maritime Museum. Greenwich Park.",
      "image": "route-placeholder-image.png"
    },
    {
      "id": "6",
      "name": "Hyde Park",
      "start_lat": 51.5102,
      "start_lng": -0.196234,
      "end_lat": 51.5034,
      "end_lng": -0.20423,
      "day": "Saturday",
      "time": "10am",
      "highlights": "Hyde Park Corner. Serpentine. Speakers Corner. Hyde Park Gallery. Queensway. Bayswater. ",
      "image": "route-placeholder-image.png"
    },
    {
      "id": "7",
      "name": "Southbank",
      "start_lat": 51.5078,
      "start_lng": -0.114468,
      "end_lat": 51.5043,
      "end_lng": -0.11446,
      "day": "Sunday",
      "time": "11am",
      "highlights": "National Theatre. Potters Fields. London Bridge. Tower Bridge. The Golden Hind. HMS Belfast. Southwark Bridge.",
      "image": "route-placeholder-image.png"
    },
    {
      "id": "8",
      "name": "City of London",
      "start_lat": 51.507,
      "start_lng": -0.071797,
      "end_lat": 51.5219,
      "end_lng": -0.09381,
      "day": "Sunday",
      "time": "11am",
      "highlights": "St Pauls. Lloyds of London. The Gherkin. The Tower of London. St Olav's Church. London Wall. The Barbican. ",
      "image": "route-placeholder-image.png"
    },
    {
      "id": "9",
      "name": "Wapping",
      "start_lat": 51.507,
      "start_lng": -0.071797,
      "end_lat": 51.5043,
      "end_lng": -0.05611,
      "day": "Sunday",
      "time": "11am",
      "highlights": "St Katherines Dock. Tobacco Wharf. Tower Bridge. Vintners Wharf. The Captain Kidd. ",
      "image": "route-placeholder-image.png"
    },
    {
      "id": "10",
      "name": "Bloomsbury",
      "start_lat": 51.5188,
      "start_lng": -0.122627,
      "end_lat": 51.5266,
      "end_lng": -0.13217,
      "day": "Sunday",
      "time": "9am",
      "highlights": "Coram Fields. Senate House. British Museum. Friends House. Russel Square. Bedford Square. ",
      "image": "route-placeholder-image.png"
    },
    {
      "id": "11",
      "name": "Notting Hill",
      "start_lat": 51.5097,
      "start_lng": -0.189522,
      "end_lat": 51.5211,
      "end_lng": -0.20077,
      "day": "Sunday",
      "time": "9am",
      "highlights": "Hyde Park. Portobello Road. The Churchill. Greek Orthodox Cathedral. Notting Hill Movie Locations. ",
      "image": "route-placeholder-image.png"
    },
    {
      "id": "12",
      "name": "Fitzrovia",
      "start_lat": 51.5232,
      "start_lng": -0.14638,
      "end_lat": 51.519,
      "end_lng": -0.13009,
      "day": "Sunday",
      "time": "9am",
      "highlights": "Park Square. Cavendish Square. The Cartoon Museum. Charlotte Street. BT Tower. ",
      "image": "route-placeholder-image.png"
    },
    {
      "id": "13",
      "name": "Kensington and Chelsea",
      "start_lat": 51.497,
      "start_lng": -0.169995,
      "end_lat": 51.4807,
      "end_lng": -0.16512,
      "day": "Sunday",
      "time": "9am",
      "highlights": "Kings Road. Sloane Square. Stamford Bridge. Army Museum. Chelsea Hospital. Chelsea Harbour.",
      "image": "route-placeholder-image.png"
    },
    {
      "id": "14",
      "name": "Covent Garden",
      "start_lat": 51.5075,
      "start_lng": -0.122273,
      "end_lat": 51.5188,
      "end_lng": -0.12262,
      "day": "Saturday",
      "time": "9am",
      "highlights": "Covent Garden Piazza. The Transport Museum. The Strand. Trafalgar Square. National Gallery. ",
      "image": "route-placeholder-image.png"
    },
    {
      "id": "15",
      "name": "East End ",
      "start_lat": 51.5201,
      "start_lng": -0.076662,
      "end_lat": 51.5166,
      "end_lng": -0.04087,
      "day": "Sunday",
      "time": "9am",
      "highlights": "Spitalfields. St Luke's Church. Brick Lane. The Truman Brewery. Whitechapel. Tayyab's. ",
      "image": "route-placeholder-image.png"
    },
    {
      "id": "16",
      "name": "Hoxton",
      "start_lat": 51.5257,
      "start_lng": -0.087377,
      "end_lat": 51.5486,
      "end_lng": -0.09214,
      "day": "Saturday",
      "time": "9am",
      "highlights": "Printworks. St Leonards Church. Boundary Gardens. Wesley's Chapel. ",
      "image": "route-placeholder-image.png"
    },
    {
      "id": "17",
      "name": "Clerkenwell",
      "start_lat": 51.5186,
      "start_lng": -0.096838,
      "end_lat": 51.53,
      "end_lng": -0.10841,
      "day": "Sunday",
      "time": "9am",
      "highlights": "Lenin's House. Bunhill Fields. Church of St Peter. St John's Gate. Spitalfields. Barbican. Exmouth Street. Grays Inn. ",
      "image": "route-placeholder-image.png"
    },
    {
      "id": "18",
      "name": "Westminster ",
      "start_lat": 51.4914,
      "start_lng": -0.12769,
      "end_lat": 51.5068,
      "end_lng": -0.14281,
      "day": "Sunday",
      "time": "9am",
      "highlights": "Green Park. St James Park. Buckingham Palace. The Mall. Trafalgar Square. The ICA. Carlton Terrace. ",
      "image": "route-placeholder-image.png"
    },
    {
      "id": "19",
      "name": "Belgravia",
      "start_lat": 51.5044,
      "start_lng": -0.152834,
      "end_lat": 51.4923,
      "end_lng": -0.15642,
      "day": "Sunday",
      "time": "10am",
      "highlights": "Sloane Square. Eaton Square. Hyde Park Corner. Belgrave Square Gardens. Embassies. Harrods. ",
      "image": "route-placeholder-image.png"
    }
  ]
}