<?xml version="1.0" standalone="no"?>
<?xml-stylesheet type="text/xsl" href="recipes.xsl"?>
<recipes>
	<recipeData id="1">
		<recipeName>Korean chilli, sesame and honey chicken</recipeName>
		<privideBy>Recipe from Good Food magazine, July 2018</privideBy>
		<ratingRate>44</ratingRate>
		<time totalTime="35">
			<upperEstimate>20 mins</upperEstimate>	
			<lowerEstimate>15 mins</lowerEstimate>
		</time>	
		<Serves>6-8</Serves>
		<nutritionPerServing>
			<nutrition>
				<valueOf>kcal 263</valueOf>
			</nutrition>
			<nutrition>
				<valueOf>fat 14g</valueOf>
			</nutrition>
			<nutrition>
				<valueOf>saturates 3g</valueOf>
			</nutrition>
			<nutrition>
				<valueOf>carbs 11g</valueOf>
			</nutrition>
			<nutrition>
				<valueOf>sugars 9g</valueOf>
			</nutrition>
			<nutrition>
				<valueOf>fibre 1g</valueOf>
			</nutrition>
			<nutrition>
				<valueOf>protein 23g</valueOf>
			</nutrition>
			<nutrition>
				<valueOf>salt 1.9g</valueOf>
			</nutrition>
		</nutritionPerServing>
		<ingredients>
			<ingredient>
				<valueOf>12 chicken thighs , boneless and skinless</valueOf>
			</ingredient>
			<ingredient>
				<valueOf>2 tbsp soy sauce</valueOf>
			</ingredient>
			<ingredient>
				<valueOf>1 tbsp sesame oil</valueOf>
			</ingredient>
			<ingredient>
				<valueOf>thumb-sized piece ginger , grated</valueOf>
			</ingredient>
			<ingredient>
				<valueOf>4 spring onions , sliced</valueOf>
			</ingredient>
			<ingredient>
				<valueOf>4 tbsp Korean chilli paste (gochujang) or use a mixture of 3 tbsp ketchup and 1 tbsp sriracha chilli sauce</valueOf>
			</ingredient>
			<ingredient>
				<valueOf>2 tbsp honey</valueOf>
			</ingredient>
			<ingredient>
				<valueOf>juice ½ lime</valueOf>
			</ingredient>
			<ingredient>
				<valueOf>1 tbsp soy sauce</valueOf>
			</ingredient>
			<ingredient>
				<valueOf>1 tsp sesame oil</valueOf>
			</ingredient>
			<ingredient>
				<valueOf>2 tbsp sesame seeds</valueOf>
			</ingredient>
		</ingredients>
		<method>
			<step>
				<valueOf>Toss the chicken in the soy sauce, sesame oil and ginger. Thread each thigh on two long metal skewers, so that each skewer pierces one side of the thigh. Keep threading the chicken, making sure it’s packed onto the skewers tightly. Chill until you’re ready to cook. Mix the ingredients for the glaze.
				</valueOf>
			</step>
			<step>
				<valueOf>Heat the BBQ. If using a coal BBQ, wait for the coals to turn ashen before you start cooking. Cook the kebab for 5-8 mins on each side (depending on the heat). Once nicely charred but not fully cooked through, start painting on the glaze. The honey will catch if cooked for too long – the key to nice sticky chicken is applying the glaze in layers, turning the kebab often.
				</valueOf>
			</step>
			<step>
				<valueOf>Once the glaze has been used up and the chicken is cooked through (it’ll take about 20 mins in total), transfer to a plate and leave to cool for 5 mins before serving scattered with spring onions.
				</valueOf>
			</step>
		</method>
	</recipeData>
	<recipeData id="2">
		<recipeName>Lemon and yogurt chicken flatbreads</recipeName>
		<privideBy>Recipe from Good Food magazine, June 2018</privideBy>
		<ratingRate>18</ratingRate>
		<time totalTime="28">
			<upperEstimate>5 mins - 8 mins</upperEstimate>	
			<lowerEstimate>20 mins</lowerEstimate>
		</time>	
		<Serves>6-8</Serves>
		<nutritionPerServing>
			<nutrition>
				<valueOf>kcal 364</valueOf>
			</nutrition>
			<nutrition>
				<valueOf>fat 9g</valueOf>
			</nutrition>
			<nutrition>
				<valueOf>saturates 4g</valueOf>
			</nutrition>
			<nutrition>
				<valueOf>carbs 41g</valueOf>
			</nutrition>
			<nutrition>
				<valueOf>sugars 5g</valueOf>
			</nutrition>
			<nutrition>
				<valueOf>fibre 4g</valueOf>
			</nutrition>
			<nutrition>
				<valueOf>protein 28g</valueOf>
			</nutrition>
			<nutrition>
				<valueOf>salt 0.6g</valueOf>
			</nutrition>
		</nutritionPerServing>
		<ingredients>
			<ingredient>
				<valueOf>2 skinless chicken breasts , cut into strips</valueOf>
			</ingredient>
			<ingredient>
				<valueOf>1 lemon</valueOf>
			</ingredient>
			<ingredient>
				<valueOf>1 tsp dried oregano (optional)</valueOf>
			</ingredient>
			<ingredient>
				<valueOf>1 garlic clove , crushed</valueOf>
			</ingredient>
			<ingredient>
				<valueOf>pinch of cinnamon</valueOf>
			</ingredient>
			<ingredient>
				<valueOf>1 tbsp olive oil</valueOf>
			</ingredient>
			<ingredient>
				<valueOf>4 flatbreads</valueOf>
			</ingredient>
			<ingredient>
				<valueOf>4 tbsp Greek yogurt</valueOf>
			</ingredient>
			<ingredient>
				<valueOf>¼ red pepper , finely chopped</valueOf>
			</ingredient>
			<ingredient>
				<valueOf>1 Little Gem lettuce , finely chopped</valueOf>
			</ingredient>
		</ingredients>
		<method>
			<step>
				<valueOf>Put the chicken in a bowl. Pare strips of zest from the lemon using a vegetable peeler, then juice the lemon too. Add the peel and half the juice to the chicken, along with the oregano (if using), garlic, cinnamon and oil. Mix well, cover and chill for an hour. The lemon juice will start to ‘cook’ the chicken, so don’t leave for longer.
				</valueOf>
			</step>
			<step>
				<valueOf>Heat the barbecue. If you are using coals, wait until they turn white. If you are indoors, heat a griddle pan. Thread the chicken strips onto a couple of metal skewers to stop them falling through the grate (you don’t need to do this for the griddle), then grill for a couple of mins each side. The strips will cook through quickly so don’t leave them too long. Season if you like.
				</valueOf>
			</step>
			<step>
				<valueOf>Warm the flatbreads on the edge of the barbecue (or on the griddle) for a minute, then transfer them to plates and spread each with ½ tbsp yogurt. Divide the chicken strips between them, then dot on the remaining yogurt and sprinkle over the pepper and lettuce. Fold or roll the flatbreads to eat.
				</valueOf>
			</step>
		</method>
	</recipeData>
	
	<recipeData id="3">
		<recipeName>Charred courgettes, runner beans and ricotta</recipeName>
		<privideBy>Recipe from Good Food magazine, June 2017</privideBy>
		<ratingRate>10</ratingRate>
		<time totalTime="28">
			<upperEstimate>18 mins</upperEstimate>	
			<lowerEstimate>10 mins</lowerEstimate>
		</time>	
		<Serves>8 - 10</Serves>
		<nutritionPerServing>
			<nutrition>
				<valueOf>kcal 124</valueOf>
			</nutrition>
			<nutrition>
				<valueOf>fat 9g</valueOf>
			</nutrition>
			<nutrition>
				<valueOf>saturates 3g</valueOf>
			</nutrition>
			<nutrition>
				<valueOf>carbs 5g</valueOf>
			</nutrition>
			<nutrition>
				<valueOf>sugars 4g</valueOf>
			</nutrition>
			<nutrition>
				<valueOf>fibre 2g</valueOf>
			</nutrition>
			<nutrition>
				<valueOf>protein 5g</valueOf>
			</nutrition>
			<nutrition>
				<valueOf>salt 0.1g</valueOf>
			</nutrition>
		</nutritionPerServing>
		<ingredients>
			<ingredient>
				<valueOf>50g mixed seeds</valueOf>
			</ingredient>
			<ingredient>
				<valueOf>2 tbsp honey</valueOf>
			</ingredient>
			<ingredient>
				<valueOf>¼ tsp chilli flakes</valueOf>
			</ingredient>
			<ingredient>
				<valueOf>½ lemon , zested and juiced</valueOf>
			</ingredient>
			<ingredient>
				<valueOf>250g tub ricotta</valueOf>
			</ingredient>
			<ingredient>
				<valueOf>3 courgettes , thickly sliced on the diagonal</valueOf>
			</ingredient>
			<ingredient>
				<valueOf>400g runner beans</valueOf>
			</ingredient>
			<ingredient>
				<valueOf>3 tbsp good-quality olive oil , plus extra to serve</valueOf>
			</ingredient>
			<ingredient>
				<valueOf>edible flowers , to decorate (optional)</valueOf>
			</ingredient>
		</ingredients>
		<method>
			<step>
				<valueOf>Toast the seeds in a dry pan until they start to pop, then stir in the honey, chilli and a good pinch of sea salt. Once all the seeds are sticky and forming clusters, tip out onto a piece of baking parchment and leave to cool. Mix the lemon zest and some seasoning into the ricotta and set aside.
				</valueOf>
			</step>
			<step>
				<valueOf>Toss the courgettes and runner beans in the oil, then season. Fire up the barbecue or get a griddle pan searing hot on the hob. Working in batches, cook the veg until charred and softened but still a little crunchy.
				</valueOf>
			</step>
			<step>
				<valueOf>Spread the ricotta along the bottom of a large sharing platter and top with the veg. Squeeze over the lemon juice, then scatter over the honeyed seeds. Finish with a drizzle of olive oil and a scattering of sea salt, then dot with edible flowers for extra wow factor, if you like.
				</valueOf>
			</step>
		</method>
	</recipeData>
	
	<recipeData id="4">
		<recipeName>Tamborine chicken</recipeName>
		<privideBy>Recipe from Good Food magazine, July 2007</privideBy>
		<ratingRate>14</ratingRate>
		<time totalTime="27">
			<upperEstimate>12 mins</upperEstimate>	
			<lowerEstimate>15 mins</lowerEstimate>
		</time>	
		<Serves>4</Serves>
		<nutritionPerServing>
			<nutrition>
				<valueOf>kcal 225</valueOf>
			</nutrition>
			<nutrition>
				<valueOf>fat 8g</valueOf>
			</nutrition>
			<nutrition>
				<valueOf>saturates 2g</valueOf>
			</nutrition>
			<nutrition>
				<valueOf>carbs 2g</valueOf>
			</nutrition>
			<nutrition>
				<valueOf>sugars 1g</valueOf>
			</nutrition>
			<nutrition>
				<valueOf>fibre 0g</valueOf>
			</nutrition>
			<nutrition>
				<valueOf>protein 37g</valueOf>
			</nutrition>
			<nutrition>
				<valueOf>salt 0.87g</valueOf>
			</nutrition>
		</nutritionPerServing>
		<ingredients>
			<ingredient>
				<valueOf>4 boneless chicken breasts , skin on</valueOf>
			</ingredient>
			<ingredient>
				<valueOf>1 tsp black peppercorn</valueOf>
			</ingredient>
			<ingredient>
				<valueOf>¼ tsp chilli flakes</valueOf>
			</ingredient>
			<ingredient>
				<valueOf>3 cm chunk root ginger</valueOf>
			</ingredient>
			<ingredient>
				<valueOf>1 tbsp soy sauce</valueOf>
			</ingredient>
			<ingredient>
				<valueOf>zest 1 and juice 2 lime , plus lime wedges to serve</valueOf>
			</ingredient>
		</ingredients>
		<method>
			<step>
				<valueOf>Slash each chicken breast 3 times and put in a shallow dish. Crush the peppercorns coarsely in a mortar. Finely grate the ginger, crush the garlic and mix with the soy sauce, peppercorns, and lime zest and juice. Mix well, then pour over the chicken and leave to marinate for at least 10 mins, or up to 24 hrs.
				</valueOf>
			</step>
			<step>
				<valueOf>Line a grill rack with foil and brush lightly with oil. Lay the chicken on the foil, then curl the edges of the foil up slightly to catch the juices. Grill under moderate heat for 6-8 mins, then turn the chicken over and cook for a further 6-8 mins until cooked. If you are cooking this on the barbecue, cook for the same timings but make sure the coals are not too fierce. Transfer to a serving dish, then carefully pour over any remaining cooking juices. Serve with wedges of lime for squeezing over.
				</valueOf>
			</step>
		</method>
	</recipeData>

	<recipeData id="5">
		<recipeName>Next level BBQ chicken</recipeName>
		<privideBy>Recipe from Good Food magazine, August 2020</privideBy>
		<ratingRate>0</ratingRate>
		<time totalTime="150">
			<upperEstimate>120 mins</upperEstimate>	
			<lowerEstimate>30 mins</lowerEstimate>
		</time>	
		<Serves>4</Serves>
		<nutritionPerServing>
			<nutrition>
				<valueOf>kcal 528</valueOf>
			</nutrition>
			<nutrition>
				<valueOf>fat 22g</valueOf>
			</nutrition>
			<nutrition>
				<valueOf>saturates 6g</valueOf>
			</nutrition>
			<nutrition>
				<valueOf>carbs 33g</valueOf>
			</nutrition>
			<nutrition>
				<valueOf>sugars 31g</valueOf>
			</nutrition>
			<nutrition>
				<valueOf>fibre 2g</valueOf>
			</nutrition>
			<nutrition>
				<valueOf>protein 48g</valueOf>
			</nutrition>
			<nutrition>
				<valueOf>salt 3.4g</valueOf>
			</nutrition>
		</nutritionPerServing>
		<ingredients>
			<ingredient>
				<valueOf>2 red chillies , tops removed and reserved for the smoke mix</valueOf>
			</ingredient>
			<ingredient>
				<valueOf>8 spring onions , roughly chopped</valueOf>
			</ingredient>
			<ingredient>
				<valueOf>thumb-sized piece of ginger , peeled and roughly chopped</valueOf>
			</ingredient>
			<ingredient>
				<valueOf>8 garlic cloves , roughly chopped</valueOf>
			</ingredient>
			<ingredient>
				<valueOf>2 tbsp chopped thyme</valueOf>
			</ingredient>
			<ingredient>
				<valueOf>1 tsp ground cumin</valueOf>
			</ingredient>
			<ingredient>
				<valueOf>½ tsp paprika</valueOf>
			</ingredient>
			<ingredient>
				<valueOf>3 tbsp dark brown soft sugar</valueOf>
			</ingredient>
			<ingredient>
				<valueOf>4 tbsp soy sauce</valueOf>
			</ingredient>
			<ingredient>
				<valueOf>4 limes , 2 juiced, plus 2 halved to serve</valueOf>
			</ingredient>
			<ingredient>
				<valueOf>1.5kg mix of chicken drumsticks and wings, lightly scored</valueOf>
			</ingredient>
			<ingredient>
				<valueOf>200ml ketchup</valueOf>
			</ingredient>
			<ingredient>
				<valueOf>handful of thyme sprigs</valueOf>
			</ingredient>
			<ingredient>
				<valueOf>handful of bay leaves</valueOf>
			</ingredient>
			<ingredient>
				<valueOf>1 tsp ground allspice</valueOf>
			</ingredient>
			<ingredient>
				<valueOf>reserved chilli tops</valueOf>
			</ingredient>
		</ingredients>
		<method>
			<step>
				<valueOf>To prepare the meat, tip all the ingredients, except for the chicken and ketchup, into a blender or mini processor. Add a pinch of salt and blitz to a rough paste. Tip two-thirds of the paste into a large bowl with the chicken, and massage the marinade into the meat. Cover and leave for at least 1 hr at room temperature, or up to 48 hrs in the fridge..
				</valueOf>
			</step>
			<step>
				<valueOf>Meanwhile, make the barbecue sauce. Tip the remaining paste into a small saucepan and bring to a simmer. Cook for 5 mins until it thickens and becomes darker, then add the ketchup and cook for 5 mins until sticky. Tip into a container and set aside.
				</valueOf>
			</step>
			<step>
				<valueOf>Light the barbecue, ensuring the coals are piled up at one end and leaving only a couple of coals on the other side. Lay the chicken on the emptier side. If you’re making the smoke mix, carefully scatter all of the ingredients directly onto the piled-up coals. Cover the barbecue (with the vents open) and cook the chicken for 20 mins. Remove the lid and turn the chicken, then cover again and cook for a further 20 mins.
				</valueOf>
			</step>
			<step>
				<valueOf>Remove the lid and move the chicken across the grill so it’s above the piled-up coals, then baste with some of the barbecue sauce, keeping enough aside, in a separate container, to serve later. Cook for 10 mins, adding a few more coals if you need to and turning often, until nicely charred and cooked through – a digital thermometer inserted through the thickest part of the meat should read at least 65C.
				</valueOf>
			</step>
			<step>
				<valueOf>Put the lime halves on the grill, over the coals, cut-side down for 3-4 mins until charred. Serve the chicken with the lime for squeezing over and reserved barbecue sauce for dipping.
				</valueOf>
			</step>
		</method>
	</recipeData>
	
	<recipeData id="6">
		<recipeName>Chicken shawarma</recipeName>
		<privideBy>Recipe from Good Food magazine, June 2017</privideBy>
		<ratingRate>20</ratingRate>
		<time totalTime="65">
			<upperEstimate>45 mins</upperEstimate>	
			<lowerEstimate>20 mins</lowerEstimate>
		</time>	
		<Serves>4</Serves>
		<nutritionPerServing>
			<nutrition>
				<valueOf>kcal 299</valueOf>
			</nutrition>
			<nutrition>
				<valueOf>fat 19g</valueOf>
			</nutrition>
			<nutrition>
				<valueOf>saturates 5g</valueOf>
			</nutrition>
			<nutrition>
				<valueOf>carbs 3g</valueOf>
			</nutrition>
			<nutrition>
				<valueOf>sugars 2g</valueOf>
			</nutrition>
			<nutrition>
				<valueOf>fibre 0g</valueOf>
			</nutrition>
			<nutrition>
				<valueOf>protein 29g</valueOf>
			</nutrition>
			<nutrition>
				<valueOf>salt 1.9g</valueOf>
			</nutrition>
		</nutritionPerServing>
		<ingredients>
			<ingredient>
				<valueOf>2 lemons , 1 juiced, 1 cut into wedges to serve</valueOf>
			</ingredient>
			<ingredient>
				<valueOf>150g pot natural yogurt</valueOf>
			</ingredient>
			<ingredient>
				<valueOf>4 garlic cloves</valueOf>
			</ingredient>
			<ingredient>
				<valueOf>thumb-sized piece ginger , roughly chopped</valueOf>
			</ingredient>
			<ingredient>
				<valueOf>½ tsp turmeric</valueOf>
			</ingredient>
			<ingredient>
				<valueOf>1 tsp ground cumin</valueOf>
			</ingredient>
			<ingredient>
				<valueOf>1 tsp garam masala</valueOf>
			</ingredient>
			<ingredient>
				<valueOf>16 skinless, boneless chicken thighs</valueOf>
			</ingredient>
			<ingredient>
				<valueOf>1 large baking potato , cut in half lengthways</valueOf>
			</ingredient>
		</ingredients>
		<method>
			<step>
				<valueOf>Tip all the ingredients, except the chicken and lemon wedges, into a blender or a smoothie bullet with 1 tsp sea salt and whizz to a smooth paste. Pile the chicken into a bowl or large plastic container, pour over the paste and mix through so the chicken is completely coated. Cover and marinate for at least 4 hrs or up to 48 hrs – the longer, the better.
				</valueOf>
			</step>
			<step>
				<valueOf>Cooking on the barbecue: Light a lidded barbecue, and let the flames die down. Once the coals have turned ashen, pile them up on one side with a few coals scattered around the other. Starting and ending with half a baking potato, thread all the chicken onto two long metal skewers – so that both skewers go through each piece of meat – packing the thighs down between the potato halves so that they are really compact. Place the large chicken kebab to the side of the barbecue with only a few coals underneath. Pop the lid down and cook for 45-50 mins, turning every 15 mins, or until cooked through – prise the chicken pieces apart in the centre to check, or use a digital cooking thermometer; it should read 70C or more. Leave to rest for 5 mins.
				</valueOf>
			</step>
			<step>
				<valueOf>Cooking in the oven: Heat the oven to 220C/200C fan/gas 8. Sit the kebab across a roasting tin so it is suspended, or rest a wire rack over a roasting tin and place the chicken on top. Cook for 45-55 mins or until cooked through. 
				</valueOf>
			</step>
			<step>
				<valueOf>Warm the naan on the barbecue or in the oven. Bring the kebab to the table to carve, wrap with warm naans, and serve with the other salads and lemon wedges for squeezing over.
				</valueOf>
			</step>
		</method>
	</recipeData>
	
	<recipeData id="7">
		<recipeName>Sticky barbecue chicken</recipeName>
		<privideBy>Recipe from Good Food magazine, August 2018</privideBy>
		<ratingRate>10</ratingRate>
		<time totalTime="50">
			<upperEstimate>30 mins - 40 mins </upperEstimate>	
			<lowerEstimate>10 mins</lowerEstimate>
		</time>	
		<Serves>4-6</Serves>
		<nutritionPerServing>
			<nutrition>
				<valueOf>kcal 212</valueOf>
			</nutrition>
			<nutrition>
				<valueOf>fat 8g</valueOf>
			</nutrition>
			<nutrition>
				<valueOf>saturates 2g</valueOf>
			</nutrition>
			<nutrition>
				<valueOf>carbs 17g</valueOf>
			</nutrition>
			<nutrition>
				<valueOf>sugars 17g</valueOf>
			</nutrition>
			<nutrition>
				<valueOf>fibre 0g</valueOf>
			</nutrition>
			<nutrition>
				<valueOf>protein 17g</valueOf>
			</nutrition>
			<nutrition>
				<valueOf>salt 1.1g</valueOf>
			</nutrition>
		</nutritionPerServing>
		<ingredients>
			<ingredient>
				<valueOf>4 chicken thighs and 4 chicken drumsticks, skin on</valueOf>
			</ingredient>
			<ingredient>
				<valueOf>1 tbsp soy sauce</valueOf>
			</ingredient>
			<ingredient>
				<valueOf>1 tbsp cider vinegar</valueOf>
			</ingredient>
			<ingredient>
				<valueOf>4 tbsp light brown soft sugar</valueOf>
			</ingredient>
			<ingredient>
				<valueOf>4 tbsp tomato ketchup</valueOf>
			</ingredient>
			<ingredient>
				<valueOf>1 tbsp Dijon mustard</valueOf>
			</ingredient>
			<ingredient>
				<valueOf>75ml apple juice</valueOf>
			</ingredient>
		</ingredients>
		<method>
			<step>
				<valueOf>Heat oven to 180C/160C fan/gas 4. Put the chicken in a roasting tin, season well and cook for 40 mins or until cooked through. Either carry on with the recipe or cool and chill. This step can be done up to two days ahead.
				</valueOf>
			</step>
			<step>
				<valueOf>Put the sauce ingredients in a pan and bring to a simmer, then keep cooking until it thickens a little and looks shiny. Use straight away or cool and chill. The sauce will keep for a week in the fridge. 
				</valueOf>
			</step>
			<step>
				<valueOf>Heat a barbecue until the coals are glowing white hot. Brush the chicken pieces all over with the sauce and barbecue them on each side until they are browned and sticky, then brush once more with the sauce. Don’t worry about cooking them through, as they are already cooked. If you want to cook them indoors, coat them in the sauce and grill on a medium heat on all sides.
				</valueOf>
			</step>
		</method>
	</recipeData>

	<recipeData id="8">
		<recipeName>Dukkah-spiced BBQ chicken wings</recipeName>
		<privideBy>Recipe from Good Food magazine, August 2015</privideBy>
		<ratingRate>2</ratingRate>
		<time totalTime="65">
			<upperEstimate>50 mins</upperEstimate>	
			<lowerEstimate>15 mins</lowerEstimate>
		</time>	
		<Serves>10 - 12</Serves>
		<nutritionPerServing>
			<nutrition>
				<valueOf>kcal 214</valueOf>
			</nutrition>
			<nutrition>
				<valueOf>fat 14g</valueOf>
			</nutrition>
			<nutrition>
				<valueOf>saturates 3g</valueOf>
			</nutrition>
			<nutrition>
				<valueOf>carbs 4g</valueOf>
			</nutrition>
			<nutrition>
				<valueOf>sugars 3g</valueOf>
			</nutrition>
			<nutrition>
				<valueOf>fibre 1g</valueOf>
			</nutrition>
			<nutrition>
				<valueOf>protein 17g</valueOf>
			</nutrition>
			<nutrition>
				<valueOf>salt 1g</valueOf>
			</nutrition>
		</nutritionPerServing>
		<ingredients>
			<ingredient>
				<valueOf>50g sesame seeds</valueOf>
			</ingredient>
			<ingredient>
				<valueOf>1 tbsp cumin seeds</valueOf>
			</ingredient>
			<ingredient>
				<valueOf>1 tbsp coriander seeds</valueOf>
			</ingredient>
			<ingredient>
				<valueOf>1 tsp coarsely ground black pepper</valueOf>
			</ingredient>
			<ingredient>
				<valueOf>1 tsp paprika</valueOf>
			</ingredient>
			<ingredient>
				<valueOf>juice 1 lemon , plus extra wedges to serve</valueOf>
			</ingredient>
			<ingredient>
				<valueOf>2 tbsp olive oil</valueOf>
			</ingredient>
			<ingredient>
				<valueOf>1 tbsp tahini paste</valueOf>
			</ingredient>
			<ingredient>
				<valueOf>25 chicken wings</valueOf>
			</ingredient>
			<ingredient>
				<valueOf>handful pomegranate seeds (from a tub or whole fruit)</valueOf>
			</ingredient>
			<ingredient>
				<valueOf>small handful coriander leaves, stems discarded</valueOf>
			</ingredient>
			<ingredient>
				<valueOf>lemon wedges, to serve</valueOf>
			</ingredient>
		</ingredients>
		<method>
			<step>
				<valueOf>To make dukkah, toast the sesame seeds in a frying pan until lightly golden, then transfer to a bowl. In the same pan, toast the cumin and coriander seeds until fragrant. Now combine all the spices, sesame seeds and some seasoning in a mini food processor, coffee grinder or pestle and mortar and blend to a coarse mix.
				</valueOf>
			</step>
			<step>
				<valueOf>Mix the lemon juice, olive oil and tahini paste and rub all over the chicken wings. Leave to marinate in the fridge for 1 hr.
				</valueOf>
			</step>
			<step>
				<valueOf>Light the barbecue and wait until the coals are covered with a thin layer of white ash, which means it is hot enough to cook (or heat oven to 200C/ 180C fan/gas 6). Barbecue the wings, turning, for 25-30 mins until charred and cooked through (or roast in the oven for 45-50 mins). Transfer the wings to a big platter. Scatter over the reserved dukkah, the pomegranate seeds and coriander leaves, and serve with lemon wedges.
				</valueOf>
			</step>
		</method>
	</recipeData>
	<recipeData id="9">
		<recipeName>Maple-glazed hot wings</recipeName>
		<privideBy>Recipe from Good Food magazine, April 2019</privideBy>
		<ratingRate>15</ratingRate>
		<time totalTime="150">
			<upperEstimate>130 mins</upperEstimate>	
			<lowerEstimate>20 mins</lowerEstimate>
		</time>	
		<Serves>4</Serves>
		<nutritionPerServing>
			<nutrition>
				<valueOf>kcal 430</valueOf>
			</nutrition>
			<nutrition>
				<valueOf>fat 33g</valueOf>
			</nutrition>
			<nutrition>
				<valueOf>saturates 14g</valueOf>
			</nutrition>
			<nutrition>
				<valueOf>carbs 10g</valueOf>
			</nutrition>
			<nutrition>
				<valueOf>sugars 9g</valueOf>
			</nutrition>
			<nutrition>
				<valueOf>fibre 1g</valueOf>
			</nutrition>
			<nutrition>
				<valueOf>protein 24g</valueOf>
			</nutrition>
			<nutrition>
				<valueOf>salt 1.9g</valueOf>
			</nutrition>
		</nutritionPerServing>
		<ingredients>
			<ingredient>
				<valueOf>1kg chicken wings</valueOf>
			</ingredient>
			<ingredient>
				<valueOf>a little oil , for the tray</valueOf>
			</ingredient>
			<ingredient>
				<valueOf>½ tsp ground cumin</valueOf>
			</ingredient>
			<ingredient>
				<valueOf>½ tsp ground black pepper</valueOf>
			</ingredient>
			<ingredient>
				<valueOf>½ tsp ground coriander</valueOf>
			</ingredient>
			<ingredient>
				<valueOf>1 tsp dark brown soft sugar</valueOf>
			</ingredient>
			<ingredient>
				<valueOf>1 tsp garlic powder</valueOf>
			</ingredient>
			<ingredient>
				<valueOf>2½ tsp smoked paprika</valueOf>
			</ingredient>
			<ingredient>
				<valueOf>½ tsp dried oregano</valueOf>
			</ingredient>
			<ingredient>
				<valueOf>½ tsp dried thyme</valueOf>
			</ingredient>
			<ingredient>
				<valueOf>75g butter</valueOf>
			</ingredient>
			<nutrition>
				<valueOf>75g cider vinegar</valueOf>
			</nutrition>
			<nutrition>
				<valueOf>75ml hot sauce</valueOf>
			</nutrition>
			<nutrition>
				<valueOf>50ml maple syrup</valueOf>
			</nutrition>
		</ingredients>
		<method>
			<step>
				<valueOf>To make the rub, mix together all the ingredients in a large bowl with a large pinch of salt. Add the chicken wings and toss to coat in the spices. If you’ve got time, chill and marinate for up to 24 hrs.
				</valueOf>
			</step>
			<step>
				<valueOf>Heat oven to 180C/160C fan/gas 4. , transfer the wings to the tray and roast for 40-45 mins until they are cooked through. Turn the oven up to 220C/200C fan/gas 7 and roast for a further 10 mins until golden brown and crispy.
				</valueOf>
			</step>
			<step>
				<valueOf>Meanwhile, make the glaze by heating the butter, vinegar, hot sauce and maple syrup in a small saucepan. Bring to the boil over a high heat, then reduce the heat and simmer gently for 5 mins or until the glaze has thickened. Remove the wings from the oven and while they are still hot, pour over the glaze and carefully mix using a spoon to roll and coat them evenly. They should be nice and glossy. Serve with your favourite dip.
				</valueOf>
			</step>
		</method>
	</recipeData>
	<recipeData id="10">
		<recipeName>Spatchcock barbecue chicken</recipeName>
		<privideBy>Recipe from Good Food magazine, July 2005</privideBy>
		<ratingRate>7</ratingRate>
		<time totalTime="150">
			<upperEstimate>130 mins</upperEstimate>	
			<lowerEstimate>20 mins</lowerEstimate>
		</time>	
		<Serves>2 - 4</Serves>
		<nutritionPerServing>
			<nutrition>
				<valueOf>kcal 650</valueOf>
			</nutrition>
			<nutrition>
				<valueOf>fat 45g</valueOf>
			</nutrition>
			<nutrition>
				<valueOf>saturates 14g</valueOf>
			</nutrition>
			<nutrition>
				<valueOf>carbs 1g</valueOf>
			</nutrition>
			<nutrition>
				<valueOf>sugars 0g</valueOf>
			</nutrition>
			<nutrition>
				<valueOf>fibre 1g</valueOf>
			</nutrition>
			<nutrition>
				<valueOf>protein 59g</valueOf>
			</nutrition>
			<nutrition>
				<valueOf>salt 0.91g</valueOf>
			</nutrition>
		</nutritionPerServing>
		<ingredients>
			<ingredient>
				<valueOf>1.3kg chicken , spatchcocked</valueOf>
			</ingredient>
			<ingredient>
				<valueOf>little beer or water, to taste</valueOf>
			</ingredient>
			<ingredient>
				<valueOf>2 lemons , quartered, to serve</valueOf>
			</ingredient>
			<ingredient>
				<valueOf>3 tbsp olive oil , plus extra to serve</valueOf>
			</ingredient>
			<ingredient>
				<valueOf>1 tsp paprika , plus extra to serve</valueOf>
			</ingredient>
			<ingredient>
				<valueOf>1 garlic clove , crushed zest and juice 1 lemon</valueOf>
			</ingredient>
			<ingredient>
				<valueOf>the zest and juice of 1 lemon</valueOf>
			</ingredient>
			
		</ingredients>
		<method>
			<step>
				<valueOf>Mix together the oil, paprika, garlic, lemon zest and salt and pepper. Brush this all over the skin of the spatchcock chicken and leave in the fridge for 30 mins to marinate.
				</valueOf>
			</step>
			<step>
				<valueOf>To cook on a barbecue: cook for 5 mins each side in the centre, then draw aside to the edges to cook on a gentler heat. Turn regularly. Baste in between with beer or water. To check that it’s cooked through, pierce with a knife between the thighs and breast bone: the flesh should be white and firm.
				</valueOf>
			</step>
			<step>
				<valueOf>Remove from the heat and leave to rest, covered with foil, for 10-15 mins. Cut into portions, drizzle over lemon juice and seasoning, plus a little oil and pinches of paprika. Serve with the lemon quarters.
				</valueOf>
			</step>
		</method>
	</recipeData>






</recipes>